title,links
Abbie Maley - Boxing Girl Seduces Her Big Coach - Blacked,https://d0000d.com/e/hjihdavidrys
Agatha Vega - Vacay - Blacked,https://d0000d.com/e/ngvlk9eeakps
Alex Coal - This Cock Makes Her Happy for Sure - Blacked,https://d0000d.com/e/97urj1su92kd
Alex Grey - Following Your Sex Instincts - Blacked,https://d0000d.com/e/sch26vx0ctu1
"Alina Lopez, Karla Kush - if You Really Want It  - Blacked",https://d0000d.com/e/n7x06ct1n93c
Alix Lynx - There's Always an Alternative - Blacked,https://d0000d.com/e/hd2kdqravnui
Amanda Lane - Cheating Girl Tries Interracial Sex - Blacked,https://d0000d.com/e/h6qi0ghraln2
"Angel Emily, Joss Lescaf, Freddy Gong - Lost and Found   24 2 2019 - Blacked",https://d0000d.com/e/57rli78nbpxq
Angel Wicky - Wife_s Sinful Vacation - Blacked,https://d0000d.com/e/alcq4dvyfywm
Ania Kinski - in Black Lingerie on Black Cock - Blacked,https://d0000d.com/e/r5rebs7i2paq
Anny Aurora - German Redhead Bestia Gets Monster Cock - Blacked,https://d0000d.com/e/q31nrlbp21gs
"Ava Parker, Kira Noir - Fantasies Become Daydreams - Blacked",https://d0000d.com/e/aro79ghroqh3
Bree Daniels - Fucking Like Animals While My Husband Is on a Business Trip - Blacked,https://d0000d.com/e/t892o38hu878
Bunny Colby - Com to My Secret Place - Blacked,https://d0000d.com/e/wjl3j0o5i71z
Cadence Lux - Get All of Them - Blacked,https://d0000d.com/e/5pzhj4qfvu9u
Cassie Bender - Wife Solves Her Husband_s Gambling Problems - Blacked,https://d0000d.com/e/41rpsehp22pi
"Cassie Bender, Prince Yahshua - You Talk Too Much   06 3 2019 - Blacked",https://d0000d.com/e/ggzn5iy50r3h
Chloe Temple - He Gives Me What I Want - Blacked,https://d0000d.com/e/zr4hxugulyh5
Christy White - Blacked,https://d0000d.com/e/p1up2kv2xdnb
Dani Diaz - Over It - Blacked Raw,https://d0000d.com/e/xtwy4k124seu
Daughter Fucks Moms Boyfriend - Blacked,https://d0000d.com/e/rnp76ejzzcxu
Ella Hughes - Sexual Needs of a Married Babe - Blacked,https://d0000d.com/e/m94q7s3lsz9a
"Ella Hughes, Freddy Gong - by Whatever Means Necessary   04 7 2019 - Blacked",https://d0000d.com/e/to79l3kat4uw
Ella Nova - First Time Monster Cock - Blacked,https://d0000d.com/e/4sskw0eit2b4
"Ella Nova - She Had One More Wish, 4K - Blacked",https://d0000d.com/e/5l04kd0egkc9
"Ella Reese, Louie Smalls - Stretching   09 6 2019 - Blacked",https://d0000d.com/e/r7ht8l9796x1
Emily Cutie - Summer Job for Cute a Russian Student - Blacked,https://d0000d.com/e/xxj51beefebg
Emily Willis - She Won_t Mind Today - Blacked,https://d0000d.com/e/hdpi14qpkinh
Emma Starletto - Never Stop Looking for Something New - Blacked,https://d0000d.com/e/tz6b9abpqab7
"Emma Starletto, Rob Piper - Off Limits   15 4 2019 - Blacked",https://d0000d.com/e/gv9g090xctnx
Evelin Stone - the Growing Desire - Blacked,https://d0000d.com/e/hnfuoaklomt7
Farrah Flower - Redhead Teen Enjoys Interracial Sex - Blacked,https://d0000d.com/e/uuv6et8znym9
"Gianna Dior, Jason Luv - With The Flow - Blacked",https://d0000d.com/e/w2vbm6nxk07e
Hannah Hays - Come Over  Now! - Blacked,https://d0000d.com/e/t7b21o8e8s53
Hime Marie - a Present From My Driver - Blacked,https://d0000d.com/e/uw2pw2ap9jx6
Interracial Love Life of Lana Rhoades - Blacked,https://d0000d.com/e/8l33l46dk1ez
"Izzy Lush - Please, Just Do It Harder - Blacked",https://d0000d.com/e/p250wosj8xw4
Jada Stevens - the Day She Forgets Her Ex - Blacked,https://d0000d.com/e/gsxflhg3yckl
Jade Nile - Two Friends Enjoy - Blacked,https://d0000d.com/e/alk4uvzn6zuh
Jane Wilde - Almost Breaking Teen_s Pussy - Blacked,https://d0000d.com/e/ov9gqd8m0hys
Jaycee Starr - Insemination of Jaycee - Blacked,https://d0000d.com/e/y9m1vd8e85ba
"Jesse Jane - Yeah Boyz, It_s Jesse Jane - Blacked",https://d0000d.com/e/ayo5ipe0y87g
"Jill Kassidy, Kyler Quinn, Emma Starletto - Three Roommates - Blacked",https://d0000d.com/e/fj84hf8omvae
"Joey White, Sami White - Sisters in Cocks - Blacked",https://d0000d.com/e/ufp1grjjrmcg
Joseline Kelly - Sorority Girl Loves Bbc - Blacked,https://d0000d.com/e/d4ezwcrumc10
Karlee Grey - Irresistible Lust - Blacked,https://d0000d.com/e/24l4z6w5igdt
Karly Baker - Bbc Deep Experience - Blacked,https://d0000d.com/e/77nhb9ss99h7
Kate England - Blonde Gets Anal From Huge Black Cock - Blacked,https://d0000d.com/e/16ymnf7fq3jl
Katie Kush - Little Blonde Spreads Legs for a Huge Cock - Blacked,https://d0000d.com/e/ijwsiqfiw8fd
Katrina Jade - the Magic of Love Turns a Nerd Into a Macho - Blacked,https://d0000d.com/e/f36moojgyvik
Kendra Spade - Challenge to Fuck a Stranger - Blacked,https://d0000d.com/e/v4ov9curmg9d
Kenzie Madison - a Special Encounter - Blacked,https://d0000d.com/e/dp1coxsj30gl
Kenzie Madison - Huge Black Cock Gets Top Service - Blacked,https://d0000d.com/e/b6hso5uu7pye
Khloe Kapri - Bbc Chocolate for a White Girl on Valentine_s Day - Blacked,https://d0000d.com/e/c5o63f4cyrsb
Kimberly Brix - Gentle Redhead Girl and Two Black Guys - Blacked,https://d0000d.com/e/7n7edrk9d7kp
Kristen Lee - Personal Fitness Trainer - Blacked,https://d0000d.com/e/58oiq08r011p
Kyler Quinn - Exactly What She Needs Right Now - Blacked,https://d0000d.com/e/5uvz6edd3auc
"Kylie Page, Lena Paul - Together Will Be Better - Blacked",https://d0000d.com/e/0rhr9itl427p
Lana Rhoades - Continuation of Lana S Black Story - Blacked,https://d0000d.com/e/eqriq8yug83e
Lana Rhoades - Lana_s Secret Sex Life - Blacked,https://d0000d.com/e/jbn0wyunisji
Layna Landry - Gets Bbc From Trainer Hd - Blacked,https://d0000d.com/e/yahd9jnnqy9a
Layna Landry - Redhead Babe Dreams About Two Black Cocks - Blacked,https://d0000d.com/e/e1kgnq2i26b7
Leah Winters - Obsessed With Bbc - Blacked,https://d0000d.com/e/zowzwvk2qfd1
Lexi Belle - She's Out on a Girls Night - Blacked,https://d0000d.com/e/n46fu1spj169
Lexi Dona - Cheating at First Sight - Blacked,https://d0000d.com/e/v3il9bpuo00a
Lexie Fux - My New Job_s Hazards - Blacked,https://d0000d.com/e/66h40rtk4cbv
Lily Jordan - Tiny Babe Gets Hard Pleasure - Blacked,https://d0000d.com/e/dy7lqbqeeen3
"Lily Rader, Joseline Kelly - White Friends Share a Massive Black Cock - Blacked",https://d0000d.com/e/2kzv2sx3uva9
"Little Caprice, Jason Luv - Hot Wife Vacation   06 11 2018 - Blacked",https://d0000d.com/e/zb1qch4k91xy
"Little Caprice, Jason Luv - Hot Wife Vacation - 4k -06 11 2018 - Blacked",https://d0000d.com/e/yq161g84cwn1
Marley Brinx_s Holes Wil Be Happy - Blacked,https://d0000d.com/e/lkh8sc7d7ffa
Mazzy Grace - Chocolate Candy for a Hot Model S Satisfaction - Blacked,https://d0000d.com/e/9ubvkuohf7sf
Melissa Moore - She Loves Rich Boys With Big Cocks - Blacked,https://d0000d.com/e/yu4ha10id1lw
Misha Cross - in Looking for Something Different - Blacked,https://d0000d.com/e/mhpys5e1e8o7
Naomi Swann - Special Rules for Naked Girls in His Kitchen - Blacked,https://d0000d.com/e/hi5uspajty6h
Natalia Queen - Toy for Your Joy - Blacked,https://d0000d.com/e/i6cflloslviy
Natalia Starr - Horny Blonde_s Glamorous Life - Blacked,https://d0000d.com/e/nmunv3nvmku6
Natalia Starr - Interracial Sex After Gentle Preparing - Blacked,https://d0000d.com/e/tig1308b8e9c
Natalie Knight - Teen Spreads Legs to Maximum - Blacked,https://d0000d.com/e/9r69mbxz9s63
Nicole Aniston - This Is Just Between Us - Blacked,https://d0000d.com/e/rw2yqoxbmvpf
"Nicole Aniston, Bailey Brooke - She Likes to Fuck Couples - Blacked",https://d0000d.com/e/g9tguk49xkbh
Oh Wow! First Time Double Creampie Alina Lopez - Blacked,https://d0000d.com/e/n48wy6i2wk7f
Paisley Porter - My Favorite Person to Deliver To - Blacked,https://d0000d.com/e/ukv6qmr7upjf
Paris White - Just for Hard Sex - Blacked,https://d0000d.com/e/lntsqme5i3i6
"Rachel James, Flash Brown Petite Blonde Teen Barely Takes Massive Black Cock    20 7 2015 - Blacked",https://d0000d.com/e/9hxnd0c2bdvt
Rae Lil Black - Blacked,https://d0000d.com/e/kokjnm62g2ko
Riley Star - an Unusual Relationship - Blacked,https://d0000d.com/e/du45osfqqxq3
Roxy Nicole - Sex With Black Driver After School Classes - Blacked,https://d0000d.com/e/1nqpcbjamvr3
"Shona River, Kira Noir - Trying His Monster Cock - Blacked",https://d0000d.com/e/34f3h80wen9f
Sonya Blaze & Sybil - After The Club - Blacked Raw,https://d0000d.com/e/a5v35l46uaia
Sonya Blaze - Flawless - Blacked Raw,https://d0000d.com/e/2i3god8aicra
Sonya Blaze - Stiff Competition - Blacked,https://d0000d.com/e/u7a911ztmha6
Sophia Lux - the Easiest Decision She Has Ever Made - Blacked,https://d0000d.com/e/58tqejxws9e4
Sydney Cole - Interracial Threesome With Cream Pie for Dessert - Blacked,https://d0000d.com/e/pngdqzqanhl7
"Trillium, Niki Snow - Stepsisters Share Bbc - Blacked",https://d0000d.com/e/9yvm7o0v8m6u
Victoria June - Remembering the Past With the Ex Boyfriend - Blacked,https://d0000d.com/e/vbdkpofgd1mm
Zazie Skymm - 23 05 06 - Infatuation - Blacked,https://d0000d.com/e/mb8n46bc3l4j
Zoe Parker - Monster Cock Fucks a Gentle Blonde Lady - Blacked,https://d0000d.com/e/y9i2vfmw2k3s
Zoe Wood - Neighbor Fucks Pretty Girl - Blacked,https://d0000d.com/e/kn4s9a6no8ts
â ï¸â ï¸â ï¸ More Links on https://pastelink net/nsfwlinksâ ï¸â ï¸â ï¸,https://d0000d.com/e/m82m2cpbstq1
"Abella Danger, Rob Piper Big Booty Girl Worships Big Black Cock 20 10 2014 - Blacked",https://d0000d.com/e/763sgs93dx6h
Abigail Mac - Fitness Model Loves Big Black Dick - Blacked,https://d0000d.com/e/9tczt552bgud
"Abigail Mac, August Ames, Rob Piper Married Wives Love Big Black Cock 2 11 2015 - Blacked",https://d0000d.com/e/g9y1ljm2btl9
"Addison Belgium, Flash Brown Blonde Fashion Model Squirts on Huge Black Dick 29 9 2014 - Blacked",https://d0000d.com/e/ejw353avjmj1
"Alexa Grace, Jason Brown Blonde Girlfriends Cheats With Bbc   14 8 2015 - Blacked",https://d0000d.com/e/dnqmf52pswp1
"Alexis Rodriguez, Jason Brown Teen With Perfect Ass Loves Bbc 22 12 2014 - Blacked",https://d0000d.com/e/ztxvluzl22kb
"Alli Rae, Jason Brown Blonde Girlfriend Loves Black Cock 22 9 2014 - Blacked",https://d0000d.com/e/kb5xru1yw12u
"Amarna Miller, Flash Brown Red Head Model Interracial Creampie 16 2 2015 - Blacked",https://d0000d.com/e/js39w3kgt504
Ana Rose - White Candy From a Black Guy - Blacked,https://d0000d.com/e/7r6t0em02xa8
"Anissa Kate, Prince Yahshua French Girl Hot Interracial Anal Sex 23 6 2014 - Blacked",https://d0000d.com/e/cfjjfhxbauap
Anya Olsen Fantasize About Big Black Cock - Blacked,https://d0000d.com/e/x39n58929xa1
Ariana Marie - Sexy Music Teacher - Blacked,https://d0000d.com/e/t8kn1x15xwtk
Athena Palomino - She Got a Big Black Star - Blacked,https://d0000d.com/e/671ythehgxea
"August Ames, Jason Brown August Ames Gets an Interracial Creampie 2 3 2015 - Blacked",https://d0000d.com/e/4j4jj4h7lle7
"August Ames, Prince Yahshua Real Model With Perfect Tits Loves Black Cock 14 4 2014 - Blacked",https://d0000d.com/e/q4rlijjchqu3
"Ava Dalush, Michael Williams Young British Wife Loves Big Black Cock 11 4 2015 - Blacked",https://d0000d.com/e/yclp09wror4b
"Brett Rossi, Flash Brown Grateful Girlfriend Shows Appreciation   31 3 2016 - Blacked",https://d0000d.com/e/vfdxow0c35ly
"Brooke Wylde, Flash Brown Brooke Wylde Has Been Blacked 18 8 2014 - Blacked",https://d0000d.com/e/iyk78f03hhh0
"Cadence Lux, Flash Brown, Rob Piper My Girlfriend Is Addicted to Bbc 5 4 2016 - Blacked",https://d0000d.com/e/gkw4v1ypfplu
"Candice Dare, Wesley Pipes Amateur Blonde Ass Fucked by Huge Black Cock 28 7 2014 - Blacked",https://d0000d.com/e/3ggkf0pnpufr
"Capri Cavanni, Rob Piper Cheating Wife Capri Loves Big Black Cock Creampie 13 10 2014 - Blacked",https://d0000d.com/e/gavz6kph9ilh
"Cherie Deville, Prince Yahshua Hot Southern Blonde Takes Big Black Cock 3 3 2014 - Blacked",https://d0000d.com/e/j5uter0vdpri
"Cyrstal Rae, Rob Piper 18 Years Old Tries Her First Interracial   25 4 2016 - Blacked",https://d0000d.com/e/7opj95rqbtj3
"Dakota James, Jason Brown, Isiah Maxwell Two Bbc and a Pretty Blonde Teen 1 9 2014 - Blacked",https://d0000d.com/e/5ld6sv3m8kv8
"Dani Daniels, Allie Haze, Flash Brown Swinger Girlfriends Interracial Threesome 19 1 2015 - Blacked",https://d0000d.com/e/pikhc1zyf7gv
"Dani Daniels, Anikka Albrite, Rob Piper Dani Daniels and Anikka Interracial Threesome 26 9 2014 - Blacked",https://d0000d.com/e/29j3mgt0q6g0
"Dani Daniels, Flash Brown Dani Daniels First Interracial 17 9 2014 - Blacked",https://d0000d.com/e/ek1pz1n9yt11
"Dani Daniels, Jason Brown, Prince Yahshua Dani Daniels vs Two Huge Bbc 15 9 2014 - Blacked",https://d0000d.com/e/nyeiud9hqh2u
"Dani Daniels, Prince Yahshua Dani Daniels Blacked 19 9 2014 - Blacked",https://d0000d.com/e/c802bgawzjeq
Ella Reese - the Black Yoga - Blacked,https://d0000d.com/e/gabqrh07im1m
Elsa Jean - Blonde Freshman Fucks a Huge Black Cock - Blacked,https://d0000d.com/e/4myfm10zyuku
"Elsa Jean, Zoey Monroe, Isiah Maxwell, Jason Brown Blonde Babes Enjoy Bbc Foursome   5 2 2016 - Blacked",https://d0000d.com/e/hm2fnlfck8s5
"Emily Kae, Charlie Mac, Prince Yahshua 2 Big Black Dicks for Rich White Girl 7 4 2014 - Blacked",https://d0000d.com/e/86g06f7khcyf
"Farrah Flower, Flash Brown Redhead Teen Enjoys Interracial Sex 9 6 2014 - Blacked",https://d0000d.com/e/sj07sfc7ww55
"Gabbie Carter, Skylar Vox - Absolute Busty Champions - Blacked",https://d0000d.com/e/u6yrov1zc8qm
Gina Valentina - My Mom S Personal Black Trainer - Blacked,https://d0000d.com/e/1epg5q5qwd95
Goldie - Little Pussy Needs to Be Blacked - Blacked,https://d0000d.com/e/wvevrcrnxzcl
Goldie Rush - Give Me the Best Pleasure - Blacked,https://d0000d.com/e/303lren1ixji
Gwen Stark - Black Cock for Redhead Beauty - Blacked,https://d0000d.com/e/yr5bk6k936ie
"Jada Stevens, Wesley Pipes Interracial Anal Sex With Jada 30 6 2014 - Blacked",https://d0000d.com/e/0jwlv2peiqmg
"Jade Jantzen, Flash Brown Rich Arab Girl Loves Black Cock   3 9 2015 - Blacked",https://d0000d.com/e/tbz7ltdn9fk7
"Jessa Rhodes - Big Black Collaboration, Ultra Hd 4K - Blacked",https://d0000d.com/e/jpx5l4j2qu0r
"Jia Lissa, Stacy Cruz, Joss Lescaf - Best Friends Share   02 9 2019 - Blacked",https://d0000d.com/e/m7cvygkk9d9k
"Jill Kassidy, Jason Luv, Prince Yahshua - Try Outs   25 5 2019 - Blacked",https://d0000d.com/e/i2i6u9da21wl
"Jillian Janson, Jason Brown, Jovan Jordan Minnesota Teen Tries First Interracial Threesome 5 5 2014 - Blacked",https://d0000d.com/e/0odedvvi3khr
"Jillian Janson, Prince Yahshua 18 Years Old Addicted to Black Cock 10 3 2014 - Blacked",https://d0000d.com/e/3mlrvrm5nib3
"Jillian Janson, Rob Piper 18Yr Old Jillian Janson Has Anal Sex With Bbc 8 9 2014 - Blacked",https://d0000d.com/e/goiz2uivtsh2
"Karla Kush - Welcome to the Blacked Office, Part Two - Blacked",https://d0000d.com/e/a9tspf4lur86
Karla Kush and Naomi Woods Meet Black Guy - Blacked,https://d0000d.com/e/oq9u4gvse4qi
"Karla Kush, Jason Brown Beautiful Blonde Loves Massaging Bbc 6 10 2014 - Blacked",https://d0000d.com/e/hxbc62ijdanm
"Karla Kush, Michael Williams Stunning Blonde Takes Massive Black Cock 22 3 2015 - Blacked",https://d0000d.com/e/p1v60j4o7c5r
"Kate England, Flash Brown Blonde Gets Anal From Huge Black Cock   31 1 2016 - Blacked",https://d0000d.com/e/pzwr9hjo82mw
"Katerina Kay, Prince Yahshua Hot Blonde Teen Takes Huge Black Cock 1 6 2014 - Blacked",https://d0000d.com/e/a5mok6mdhgcw
"Katie Kush, Jason Luv - a Little Black Lie   21 3 2019 - Blacked",https://d0000d.com/e/1gjohai084l1
Kay Carter - Pick Up Me - Blacked,https://d0000d.com/e/2ji3frv4mrkt
"Keisha Grey, Jason Brown Keisha Grey First Big Black Cock 19 5 2014 - Blacked",https://d0000d.com/e/u7r86cdegtig
"Kelly Diamond, Prince Yahshua Teen Beauty Tries Interracial Anal Sex 7 7 2014 - Blacked",https://d0000d.com/e/umbtgo0al6bh
"Kendra Lust, Jason Brown Fitness Babe Loves Huge Black Cock   11 5 2015 - Blacked",https://d0000d.com/e/0yifshxzsijj
"Kimberly Brix, Jason Brown, Isiah Maxwell Sorority Girl Hazed Into Doing Two Huge Bbc   5 5 2016 - Blacked",https://d0000d.com/e/onw6jeoeuirp
"Lacey Johnson, Flash Brown Perfect Blonde Girl Squirts on Big Black Cock 16 6 2014 - Blacked",https://d0000d.com/e/ix46q29h4gex
"Lana Rhoades, Flash Brown My GF Likes his Big Black Cock a Little Too Much _ 30.5.2016 - Blacked",https://d0000d.com/e/h9hjmv2tww8a
"Layna Landry, Flash Brown Fit Babe Gets Bbc From Trainer   13 10 2015 - Blacked",https://d0000d.com/e/lmzja021y9m2
"Leah Gotti, Jason Brown Young Teen Loves Bbc a Little Too Much   20 5 2016 - Blacked",https://d0000d.com/e/f3mh7b6d88d7
"Lyra Law, Rob Piper Beautiful Girl Punished by Bbc   11 3 2016 - Blacked",https://d0000d.com/e/fh6gj52x99my
"Mandy Muse, Flash Brown Cheating Gf Has Anal Sex With Bbc 26 1 2015 - Blacked",https://d0000d.com/e/nflz7im0p13d
"Marina Visconti, Rob Piper Big Tit Model Loves Anal With Bbc 11 8 2014 - Blacked",https://d0000d.com/e/f7jd0hb33krx
"Marry Lynn, Prince Yahshua Brunette Teen vs Bbc31 3 2014 - Blacked",https://d0000d.com/e/8qz26vsrpzrk
"Melissa May, Flash Brown Blonde Teen Fucks Her Mom’s Boyfriend 1 4 2015 - Blacked",https://d0000d.com/e/v05pyrzidvj4
"Mischa Brooks, Keisha Grey, Prince Yahshua Keisha Grey and Mischa Brooks Share Black Cock 4 8 2014 - Blacked",https://d0000d.com/e/i75m4fuoyrj3
Naomi Swann - Welcome to the Blacked Office - Blacked,https://d0000d.com/e/eupmv7smnoir
"Natasha Nice, Michael Williams Naughty Girlfriend Enjoys Bbc   10 2 2016 - Blacked",https://d0000d.com/e/jsv3qlxvjzd3
"Natasha Voya, Isiah Maxwell Blonde Super Model Loves Bbc   23 9 2015 - Blacked",https://d0000d.com/e/ys9oexvvz9dh
"Natasha White, Charlie Mac, Jason Brown Teen Threesome With Two Monster Dicks 17 3 2014 - Blacked",https://d0000d.com/e/io0zcvwc9tpx
"Natasha White, Shane Diesel Brunette Teen Takes Monster Black Cock 28 4 2014 - Blacked",https://d0000d.com/e/pihj4vzxr3ci
"Peta Jensen, Flash Brown Big Boob Secretary Does Her Black Boss   15 4 2016 - Blacked",https://d0000d.com/e/zsstpvco0jdc
"Riley Nixon, Isiah Maxwell Preppy Rich Girl Loves Bbc   10 4 2016 - Blacked",https://d0000d.com/e/x3xp7fnp1ehg
"Riley Reid, Joss Lescaf Petite Teen Tries a Huge Bbc in Her Ass   10 5 2016 - Blacked",https://d0000d.com/e/0n2ard0x50dk
"Samantha Hayes, Rob Piper Beautiful Wife Shared With Black Man   15 5 2016 - Blacked",https://d0000d.com/e/y1i0hp9jlmvb
"Scarlet Red, Charlie Mac, Prince Yahshua Back for 2 Big Black Dicks 12 5 2014 - Blacked",https://d0000d.com/e/rpgz97zfr14t
"Scarlet Red, Prince Yahshua Preppy Blonde Girl Loves Big Black Dick 24 3 2014 - Blacked",https://d0000d.com/e/j74ve0572imh
Skyla Novea - She Ll Do Everything Right - Blacked,https://d0000d.com/e/8dgql8gvex43
"Skylar Green, Prince Yahshua Tiny Blonde Teen Takes Huge Black Cock 26 5 2014 - Blacked",https://d0000d.com/e/0lm466c8xj1a
Stacy Cruz - My Black Robinson - Blacked,https://d0000d.com/e/mscdkw8zahir
"Sydney Cole, Isiah Maxwell, Jovan Jordan Blonde Teen Experience With Two Hot Black Men   20 4 2016 - Blacked",https://d0000d.com/e/coeei0nvjvgh
Tasha Reign - Spoiled Beauty Gets Big Monster Black Cock - Blacked,https://d0000d.com/e/2pvifies8i4l
"Taylor Whyte, Rob Piper First Interracial for Beautiful Blonde With Milky Skin 25 8 2014 - Blacked",https://d0000d.com/e/3m4mvzxdmxfu
"Teanna Trump - Collaborating on a New Song, 4K - Blacked",https://d0000d.com/e/8jpi9ymw1iut
"Teanna Trump, Vicki Chase, Adriana Chechik - Unreal Blacked Orgy - Blacked",https://d0000d.com/e/zeb0tm9jkl1r
Tiffany Watson - Lucky Night - Blacked,https://d0000d.com/e/cp9uw7h7hien
"Tysen Rich, Jason Brown Skinny Blonde Teen Stretched by Big Black Dick 21 4 2014 - Blacked",https://d0000d.com/e/f9e9o9c6zanf
"Victoria Rae Black, Jon Jon Bored Girlfriend Fucks a Bbc   1 5 2015 - Blacked",https://d0000d.com/e/z862anvkeeot
Vika Lita - Pink Sky - Blacked,https://d0000d.com/e/w8uxto7bv7kd
"Zoe Bloom, Lacey Lenix, Emma Starletto, Kenzie Reeves, Naomi Swann, Kenzie Madison - Blacked Newcomers, Best Scenes - Blacked",https://d0000d.com/e/wvmyg2gn3mf5
"Zoey Monroe, Flash Brown Cheating Blonde Gf Barely Takes Bbc in Her Ass 10 3 2015 - Blacked",https://d0000d.com/e/hj4zpqmckhkg
⚠️⚠️⚠️ More Links on https://pastelink net/nsfwlinks⚠️⚠️⚠️,https://d0000d.com/e/cdprzke97nhd
"Abella Danger, Keisha Grey, Karlee Grey, Jason Brown, Ricky Johnson Squad Goals   1 11 2016 - Blacked",https://d0000d.com/e/1h2on1x478yt
"Adria Rae, Rob Piper Young Beauty Is in Trouble   25 2 2016 - Blacked",https://d0000d.com/e/8ddwyewy60w0
"Adriana Chechik, Isiah Maxwell, Jason Brown, Sean Michaels Brunette Babe Takes Trio of Bbcs   20 2 2016 - Blacked",https://d0000d.com/e/1vvwl69uixuv
"Aidra Fox, Flash Brown, Jovan Jordan Beautiful Student Takes Two Bbcs   6 3 2016 - Blacked",https://d0000d.com/e/0c1si5sk5yr1
"Aidra Fox, Shane Diesel Aidra Fox Takes a Monster Black Cock 12 1 2015 - Blacked",https://d0000d.com/e/sn7q1w7a20hq
"Alexa Tomas, Isiah Maxwell Sexy Spanish Reporter Loves Bbc   16 3 2016 - Blacked",https://d0000d.com/e/7bymas4ew1bi
"Alli Rae, Cadence Lux, Michael Williams Blonde Bffs Share a Huge Bbc   25 6 2015 - Blacked",https://d0000d.com/e/npxn79r1bh03
"Allie Haze, Rob Piper Cheating Gf Loves Interracial Anal Sex   17 11 2014 - Blacked",https://d0000d.com/e/t154u23g4rxe
"Ally Tate, Rob Piper Hot Naughty Sister Takes a Bbc   13 8 2016 - Blacked",https://d0000d.com/e/a26izi40cji4
"Amanda Lane, Jason Brown Seductive Girlfriend Experiences Bbc   15 2 2016 - Blacked",https://d0000d.com/e/ys9leaejilo7
"Amarna Miller, Gwen Stark, Rob Piper Two Redheads Share Big Black Cock   17 11 2015 - Blacked",https://d0000d.com/e/z0lcbva94x87
"Angela White, Flash Brown Big Natural Tits Australian Babe Fucks Bbc 9 2 2015 - Blacked",https://d0000d.com/e/8myo7m31xh0m
"Anikka Albrite, Prince Yahshua Business Blonde Wife Ass Fucked by a Bbc 2 2 2015 - Blacked",https://d0000d.com/e/5qwhq1tz6sn3
"Anna Morna, Flash Brown Fashion Model Cums on Huge Black Cock!   10 7 2015 - Blacked",https://d0000d.com/e/7kunp7itrukc
"Anny Aurora, Michael Williams German Teen Gets Monster Black Cock on Vacation   11 1 2016 - Blacked",https://d0000d.com/e/xnzxu2qbxf3e
"Anya Olsen, Jason Brown Super Model Fantasize About Bbc   21 3 2016 - Blacked",https://d0000d.com/e/5kxxw2e1uk6u
"Ariana Marie, Flash Brown Famous Pop Star Loves Bbc   6 1 2016 - Blacked",https://d0000d.com/e/ibhhc3c6sl5k
"Ariana Marie, Megan Rain Stepsisters Share Everything   22 10 2016 - Blacked",https://d0000d.com/e/j8tr57sm2zfp
"Arya Fae, Jason Brown Blonde Gets Bbc From Brothers Friend   2 9 2016 - Blacked",https://d0000d.com/e/vk2i29uh9vzd
"Ash Hollywood, Flash Brown Sexy Blonde Cheats With Her Bbc Trainer 27 10 2014 - Blacked",https://d0000d.com/e/i564muea67lz
"Ashley Adams, Moe Johnson Big Tits Brunette Wins Over Bbc   9 8 2015 - Blacked",https://d0000d.com/e/u9gtynlyb92w
"Audrey Royal, Jason Brown Middle Eastern Beauty Loves Bbc   27 10 2016 - Blacked",https://d0000d.com/e/gctsfrp850xn
"Brandi Love, Isiah Maxwell, Jason Brown Sexy Mom Takes 2 Young Bbcs   16 11 2016 - Blacked",https://d0000d.com/e/av7fxejyii5f
"Brandi Love, Joss Lescaf Hot Blonde Wife Takes a Huge Black Cock   30 4 2016 - Blacked",https://d0000d.com/e/u8dwfq510anp
"Cadence Lux, Anya Olsen, Jason Brown, John Johnson How I Got a Million Followers   25 1 2017 - Blacked",https://d0000d.com/e/wo77suhyg7wq
"Cadence Lux, Flash Brown Hot Blonde Girl Pays Off Boyfriends Debt by Fucking Bbc   26 4 2015 - Blacked",https://d0000d.com/e/xn9f1k5ji4mm
"Cadence Lux, Rob Piper, Jason Brown, Adriana Chechik My Friend and I Did Two Black Guys   12 12 2015 - Blacked",https://d0000d.com/e/3f9o8t9otufi
"Carter Cruise, Flash Brown, Jason Brown Carter Cruise Obsession Chapter 1   10 6 2015 - Blacked",https://d0000d.com/e/k20ny2cb4k6y
"Carter Cruise, Flash Brown, Jason Brown Carter Cruise Obsession Chapter 2   5 7 2015 - Blacked",https://d0000d.com/e/ou8zrgtdtyel
"Carter Cruise, Michael Williams Carter Cruise Obsession Chapter 3   4 8 2015 - Blacked",https://d0000d.com/e/gduqou4380xm
"Cassidy Klein, Rob Piper My Girlfriends Hot Sister Loves Bbc!   16 4 2015 - Blacked",https://d0000d.com/e/7jg9acwkxh0b
"Chloe Amour, Rob Piper Girlfriends First Time With a Bbc 24 11 2014 - Blacked",https://d0000d.com/e/6qrozzcir93t
"Chloe Scott, Mandingo Mr M S Week Off Part 3   14 6 2017 - Blacked",https://d0000d.com/e/hozu623nhsi9
"Dakota James, Alli Rae, Flash Brown Two Blonde Teens Cum on a Bbc 29 12 2014 - Blacked",https://d0000d.com/e/br6xnw4yyazi
"Dakota James, Michael Williams Monster Black Cock Creampies Blonde Teen   24 8 2015 - Blacked",https://d0000d.com/e/p40yxm1fzfrw
"Eliza Jane, Prince Yahshua Naughty Blonde Punished for Debt With Bbc   23 8 2016 - Blacked",https://d0000d.com/e/7gi663489047
"Elsa Jean, Jason Brown Blonde Freshman Fucks a Huge Black Cock   23 10 2015 - Blacked",https://d0000d.com/e/aereofzr6a0l
"Elsa Jean, Rachel James, Sydney Cole, Isiah Maxwell, Jason Brown, Flash Brown Preppy Girl Threesome Get Three Bbcs   1 1 2016 - Blacked",https://d0000d.com/e/uqunrz1nvgkw
"Ember Stone, Michael Williams Nerdy Teen Loves Older Black Men 28 10 2015 - Blacked",https://d0000d.com/e/syfizqsvwn9p
"Gigi Allens, Flash Brown Blonde Trophy Wife Enjoys Big Black Cock   17 12 2015 - Blacked",https://d0000d.com/e/hlry72sen23a
"Goldie, Jason Brown Blonde Beauty Takes Big Black Cock   7 11 2015 - Blacked",https://d0000d.com/e/qpxsipm64nc6
"Gwen Stark, Jason Brown Red Head Beauty Loves Black Cock!   25 7 2015 - Blacked",https://d0000d.com/e/vu3s3n75oqiu
"Haley Reed, Flash Brown Beautiful Blonde Girl and Bbc   12 10 2016 - Blacked",https://d0000d.com/e/0ynjrbfo9kt4
"Jade Luv, Flash Brown Tight Asian Babe Screams on Massive Black Cock 6 4 2015 - Blacked",https://d0000d.com/e/gm77erh0ybdy
"Jade Nile, Chanel Preston, Michael Williams Two Friends Enjoy Bbc Together   8 10 2015 - Blacked",https://d0000d.com/e/qjzlp3p9i342
"Jade Nile, Jason Brown Classy Wife Enjoys Bbc for Her Husband   30 6 2015 - Blacked",https://d0000d.com/e/4aqtsqo1ys4z
"Jillian Janson, Flash Brown, Casey Calvert Two Best Friends Share a Big Black Cock 1 12 2014 - Blacked",https://d0000d.com/e/0bmf62jpfswd
"Jillian Janson, Karla Kush, Flash Brown, Jason Brown Interracial Foursome for Two Beautiful Blonde Girls   30 7 2015 - Blacked",https://d0000d.com/e/nlaqmyv1ddn4
"Jillian Janson, Sabrina Banks, Rob Piper Two Girlfriends Share a Huge Black Cock   31 5 2015 - Blacked",https://d0000d.com/e/s4gsocuh2ee2
"Jojo Kiss, Isiah Maxwell Rich Girl Cheats on Her Bf With Black Stud   27 12 2015 - Blacked",https://d0000d.com/e/5gxhkobf9n89
"Joseline Kelly, Isiah Maxwell Sorority Girl Loves Bbc   7 12 2015 - Blacked",https://d0000d.com/e/sxtxic109ij2
"Jynx Maze, Joss Lescaf I Became My Boss S Mistress   6 12 2016 - Blacked",https://d0000d.com/e/3kwdozs7mb4t
"Kacey Jordan, Jovan Jordan Preppy Blonde Girlfriend Cheats With Bbc!   6 3 2015 - Blacked",https://d0000d.com/e/rpolt2m07n1u
"Karina White, Jason Brown Girlfriend Cheats With Bbc on Vacation   3 8 2016 - Blacked",https://d0000d.com/e/sltte16cztj2
"Karla Kush, Flash Brown, Jovan Jordan Perfect Blonde With 2 Monster Black Cocks 8 12 2014 - Blacked",https://d0000d.com/e/ih4xkyxkc5se
"Karla Kush, Naomi Woods, Isiah Maxwell Two Beautiful Blonde Girls Share a Bbc   22 12 2015 - Blacked",https://d0000d.com/e/r215ugd8z96x
"Kate England, Ash Hollywood, Jason Brown Two Married Girls Share a Big Black Cock   3 10 2015 - Blacked",https://d0000d.com/e/jyx46bkkn3f5
"Katy Kiss, Jason Brown Sexy Redhead and Bbc   27 9 2016 - Blacked",https://d0000d.com/e/lzz7vkxnger8
"Keira Nicole, Flash Brown Blonde Gets Bbc at Interview   12 11 2015 - Blacked",https://d0000d.com/e/w9u3rxl28hog
"Kendra Lust, Isiah Maxwell, Prince Yahshua Cheated on My Husband and Loved It   6 11 2016 - Blacked",https://d0000d.com/e/8ol3bfceegqw
"Kendra Sunderland, Ana Foxxx Kendra S Obsession Part 3   10 1 2017 - Blacked",https://d0000d.com/e/aj0fm4xrvkeb
"Kendra Sunderland, Jason Brown Kendra S Obsession Part 1   21 11 2016 - Blacked",https://d0000d.com/e/pav9te3w8z7n
"Kendra Sunderland, Mandingo Mr M Part 2   11 3 2017 - Blacked",https://d0000d.com/e/o7j39hffdr7n
"Kennedy Kressler, Jason Brown Tiny Blonde Wife Gets Revenge With a Big Black Cock   27 3 2015 - Blacked",https://d0000d.com/e/f152oslsck1v
"Kimberly Brix, Michael Williams Red Head College Girl With Black Sugar Daddy   2 12 2015 - Blacked",https://d0000d.com/e/6mscjc293i3j
"Kimberly Moss, Joss Lescaf I Always Get What I Want!   1 12 2016 - Blacked",https://d0000d.com/e/6h0bjxknwg7s
"Kristen Scott, Joss Lescaf Petite Teen Wants Her Black Step Father   14 7 2016 - Blacked",https://d0000d.com/e/vodcjpj04wvp
"Kylie Page, Flash Brown Girlfriend Cheats on Fiance With Bbc   8 8 2016 - Blacked",https://d0000d.com/e/mb9svk3xh8zb
"Lana Rhoades, Leah Gotti, Isiah Maxwell, Jason Brown Best Friends Share Two Bbcs   28 8 2016 - Blacked",https://d0000d.com/e/n2lycpoyrmol
"Layna Landry, Isiah Maxwell, Jason Brown Trophy Wife Does Two Bbcs for Her Husband   16 1 2016 - Blacked",https://d0000d.com/e/5yi3s73gyiwj
"Lena Paul, Joss Lescaf Revenge Is a Dish Best Served Black   11 11 2016 - Blacked",https://d0000d.com/e/3zcl24y6wpxr
"Lilly Ford, Jason Brown Rich Girl Desires   6 3 2017 - Blacked",https://d0000d.com/e/mhii33pnpu3h
"Lily Jordan, Joss Lescaf Seeking Arrangements   16 12 2016 - Blacked",https://d0000d.com/e/e3l0xmkwh7ey
"Lily Labeau, Rob Piper My Mother S Hot Boyfriend   12 9 2016 - Blacked",https://d0000d.com/e/qyb6a0yf0j85
"Lily Rader, Moe Johnson, Prince Yahshua Young Girl Tries Threesomes With Two Bbc   17 9 2016 - Blacked",https://d0000d.com/e/53hegu2li411
"Marley Brinx, Jason Brown Sexy Model Loves Big Black Dick   9 7 2016 - Blacked",https://d0000d.com/e/18wc65s7m8m9
"Marley Brinx, Prince Yahshua I Love Bbc Anal   31 3 2017 - Blacked",https://d0000d.com/e/8ab2q8hmsxfl
"Megan Rain, Flash Brown Preppy Teen Experience Big Black Cock! Part 2   27 11 2015 - Blacked",https://d0000d.com/e/v5eoz0g1cml5
"Megan Rain, Jason Brown Preppy Teen Experience Big Black Cock! Part 1   8 9 2015 - Blacked",https://d0000d.com/e/46h09hgjlq2m
"Megan Rain, Joss Lescaf, Prince Yahshua an Unusual and Sexy Request   5 1 2017 - Blacked",https://d0000d.com/e/8raz6uhvyyir
"Megan Rain, Mandingo Mr M Part 1   30 1 2017 - Blacked",https://d0000d.com/e/sunc9ndmz755
"Megan Rain, Ricky Johnson, Isiah Maxwell an Unexpected Threesome!   26 11 2016 - Blacked",https://d0000d.com/e/p0jdclzw5ksk
"Mona Wales, Ricky Johnson Hot Wife Enjoys Her Young Neighbor S Bbc   22 9 2016 - Blacked",https://d0000d.com/e/75clvg0r73br
"Naomi Woods, Flash Brown Naughty Babysitter Takes First Bbc   22 11 2015 - Blacked",https://d0000d.com/e/dqwmsvuigpg0
"Natasha Nice, Kylie Page, Prince Yahshua Two Curvy Girls Compete   7 10 2016 - Blacked",https://d0000d.com/e/51ptyszty6s8
"Odette Delacroix, Michael Williams Hot Assistant Gets Bbc From Boss   13 9 2015 - Blacked",https://d0000d.com/e/tied1an1r2vo
"Presley Hart, Prince Yahshua California Girl Worships Huge Black Dick 5 1 2015 - Blacked",https://d0000d.com/e/z4br4w4yux9w
"Raylin Ann, Rob Piper Hot Blonde Teen Blacked   2 10 2016 - Blacked",https://d0000d.com/e/u2y4wnqwowoj
"Roxy Raye, Flash Brown Hot Babe Gets Her Butt Stretched by Bbc   26 5 2015 - Blacked",https://d0000d.com/e/tw3dz0tuulaq
"Sophia Leone, Jason Brown Sexy Model Gets Bbc   18 8 2016 - Blacked",https://d0000d.com/e/27wqlw39ofdk
"Tali Dova, Moe Johnson, Jovan Jordan Naughty Girlfriend Lives Her Fantasy   26 3 2016 - Blacked",https://d0000d.com/e/839jk70bhvmk
"Taylor Sands, Jason Brown Hot Model Takes Bbc   1 3 2016 - Blacked",https://d0000d.com/e/6w01xg9fz920
"Trillium, Flash Brown Blonde Young Babysitter Fucks Her Black Boss   20 6 2015 - Blacked",https://d0000d.com/e/ppa512anjupb
"Trillium, Niki Snow, Michael Williams Stepsisters Share Bbc   26 1 2016 - Blacked",https://d0000d.com/e/u1o9fz3fct2w
"Valentina Nappi, August Ames, Flash Brown Two Rich Cheating Housewives Share a Bbc   21 1 2016 - Blacked",https://d0000d.com/e/jkgclchgl8hi
"Valentina Nappi, Jason Brown Sexy Italian Babe Rimming Black Man With Passion   21 5 2015 - Blacked",https://d0000d.com/e/kmrljerh0cbr
"Valentina Nappi, Julio Gomez Brake S Adventures Return   26 3 2017 - Blacked",https://d0000d.com/e/4he0aqyhkotd
Vanessa Alessia - 23 09 02  - Blacked,https://d0000d.com/e/dyezgf69vcuo
"Zoey Laine, Jason Brown a Crush on My Neighbor   17 10 2016 - Blacked",https://d0000d.com/e/tmw3xapfwlq0
⚠️⚠️⚠️ More Links on https://pastelink net/nsfwlinks⚠️⚠️⚠️,https://d0000d.com/e/lje7g8h46t3n
"Aaliyah Love, Jovan Jordan Pretty Blonde Hotwife and Her Black Lover 23 2 2015 - Blacked",https://d0000d.com/e/v1lxl2zub9s5
"Abella Danger, Keisha Grey, Flash Brown Two Teens vs Bbc   15 12 2014 - Blacked",https://d0000d.com/e/vecvrzjlxkib
"Abigail Mac, Davin King Loosen Up   28 8 2017 - Blacked",https://d0000d.com/e/yrynbwfzsset
"Abigail Mac, Flash Brown Fitness Model Loves Big Black Dick   19 8 2015 - Blacked",https://d0000d.com/e/v2tfwdz3p2vq
"Aj Applegate, Jason Brown Convincing My Investor   15 4 2017 - Blacked",https://d0000d.com/e/24lru2uw0zbr
"Alex Blake, Rob Piper Karma S a Bitch   15 5 2017 - Blacked",https://d0000d.com/e/rudi87t6lmcr
"Alexa Grace, Jason Brown, Joss Lescaf Shy Blond Girlfriend First Threesome With Black Men   29 6 2016 - Blacked",https://d0000d.com/e/r3t8p5qr4yng
"Alexa Grace, Julio Gomez Brake S Biggest Fan Pt 1   19 2 2017 - Blacked",https://d0000d.com/e/mhsytuwcfeez
"Alina Lopez, Rob Piper - Side Chick Games 2   20 5 2018 - Blacked",https://d0000d.com/e/s98wxg1upqpg
"Amirah Adara, Flash Brown Sexy Wife on Vacation Hooks Up   7 9 2016 - Blacked",https://d0000d.com/e/a7lc1teyzj2j
"Angel Smalls, Julio Gomez Brake S Biggest Fan Pt 2   1 3 2017 - Blacked",https://d0000d.com/e/da23faee3frf
"Anya Olsen, John Johnson I Love Anal and Bbc   16 3 2017 - Blacked",https://d0000d.com/e/5ut541bpccsz
"Anya Olsen, Sydney Cole, Isiah Maxwell Two Beautiful Girls Share a Big Black Cock   29 7 2016 - Blacked",https://d0000d.com/e/8zy9b1opkn35
"Apolonia Lapiedra, Joss Lescaf - Spring Break Bbc   29 6 2018 - Blacked",https://d0000d.com/e/i0pqezs67ni7
"April Dawn, Flash Brown My Rise in the Ranks Part 2   19 6 2017 - Blacked",https://d0000d.com/e/regi0tiirqiv
"Ariana Marie, Adria Rae, Rob Piper Two Girlfriends Share a Bbc   4 7 2016 - Blacked",https://d0000d.com/e/szevpamn8150
"Ashley Fires, Jason Brown Right at My Finger Tips   20 5 2017 - Blacked",https://d0000d.com/e/p00yb547ndd5
"Aspen Romanoff, Jax Slayher Daddy Can Never Know   1 11 2017 - Blacked",https://d0000d.com/e/uutro13xmea8
"Brandi Love, Rob Piper I Couldn T Help Myself    24 6 2017 - Blacked",https://d0000d.com/e/9m3jhpm7b2z2
"Camille, John Johnson I Only Date Married Men   24 7 2017 - Blacked",https://d0000d.com/e/bkzcsvom1r5q
"Carolina Sweets, Jason Brown Rich Girl Desires  Part 2   10 4 2017 - Blacked",https://d0000d.com/e/s8vd4s4pkd96
"Charity Crawford, Jason Brown Young and Adventurous   21 3 2017 - Blacked",https://d0000d.com/e/8ni9y78nqlpl
"Charity Crawford, Jaye Summers, Julio Gomez Brake S Biggest Fans Adventures   20 4 2017 - Blacked",https://d0000d.com/e/uphe2vm9gfdm
"Chloe Scott, Davin King Caught and Punished   2 10 2017 - Blacked",https://d0000d.com/e/nrtpc48v27px
"Daisy Stone, Jason Brown Normally I Would Never Do This   19 7 2017 - Blacked",https://d0000d.com/e/fshr53orrnsb
"Dolly Little, Joss Lescaf 19 Year Old Discovers Interracial and Bbc   9 6 2016 - Blacked",https://d0000d.com/e/5zjsnco6rwjp
"Ella Hughes, Dredd - Teacher S Pet   30 4 2018 - Blacked",https://d0000d.com/e/98uvtf65wt1i
"Ella Nova, Nat Turnher I Couldn T Wait Anymore   22 9 2017 - Blacked",https://d0000d.com/e/g3slzqh12xdl
"Elsa Jean, Flash Brown My Rise in the Ranks Part 1   4 6 2017 - Blacked",https://d0000d.com/e/y74jmh70xk37
"Emma Hix, Rob Piper Curiosity and Bbc   26 11 2017 - Blacked",https://d0000d.com/e/28js400gow5r
"Eva Lovia, Jason Brown Catching Up   9 2 2017 - Blacked",https://d0000d.com/e/urzfopqkn301
"Evelin Stone, Jax Slayher I Shouldnt but I Will   12 10 2017 - Blacked",https://d0000d.com/e/01uho1tmrdei
"Evelyn Claire, Jason Brown Our Little Secret   10 5 2017 - Blacked",https://d0000d.com/e/8z3u8qq7mpx1
"Gia Paige, Joss Lescaf - My Favorite Client   15 5 2018 - Blacked",https://d0000d.com/e/jddprmwbvs69
"Gina Valentina, Rob Piper Give It to Me Now   27 9 2017 - Blacked",https://d0000d.com/e/8ahmes5ko1pd
"Giselle Palmer, Jason Brown Look Outside   9 7 2017 - Blacked",https://d0000d.com/e/upu046fqliap
"Goldie, Julio Gomez - Brake Is Back 2   14 7 2018 - Blacked",https://d0000d.com/e/1nyf80qkonib
"Hadley Viscara, Rob Piper My Boyfriend Made Me   14 7 2017 - Blacked",https://d0000d.com/e/3oawtkw2gcnf
"Hannah Hays, Davin King I Do Bad Things When Im Bored   17 10 2017 - Blacked",https://d0000d.com/e/9sa5je7u3fum
"Hime Marie, Jason Luv Happy Birthday to Me   7 10 2017 - Blacked",https://d0000d.com/e/p88l7g2akwek
"Isis Love, Isiah Maxwell Hot Wife   29 7 2017 - Blacked",https://d0000d.com/e/ec6fxcjnxs51
"Jillian Janson, Joss Lescaf Blonde Fiance Gets Huge Bbc in Her Ass   24 7 2016 - Blacked",https://d0000d.com/e/8753fo7lk2bk
"Kagney Linn Karter, Jax Slayher Patience Pays Off   16 11 2017 - Blacked",https://d0000d.com/e/fu4h28owemf4
"Karlee Grey, Jason Luv Use Me Please   27 10 2017 - Blacked",https://d0000d.com/e/8duwp6x1ndxa
"Kasey Warner, Jax Slayher Sex at Work   1 12 2017 - Blacked",https://d0000d.com/e/9zamnim9404k
"Kelsi Monroe, Jason Brown What Are You Going to Show Me, Girl    14 2 2017 - Blacked",https://d0000d.com/e/qc0qrt2q50sd
"Kendra Sunderland, Dredd Loaned by Daddy   11 11 2017 - Blacked",https://d0000d.com/e/ydbagw6gsm1k
"Kendra Sunderland, Jason Brown, Ricky Johnson Kendra S Obsession Part 4   4 2 2017 - Blacked",https://d0000d.com/e/dzrq4gqmjv72
"Kendra Sunderland, Jillian Janson, Isiah Maxwell Kendra S Obsession Part 2   21 12 2016 - Blacked",https://d0000d.com/e/ljwhgae6hmo1
"Kendra Sunderland, Ricky Johnson, Jason Brown, John Johnson, Isiah Maxwell, Nat Turnher I Ve Never Done This Before   29 6 2017 - Blacked",https://d0000d.com/e/ydmy516x0gux
"Kimberly Brix, Dreddmy First Bbc Daddy   16 12 2017 - Blacked",https://d0000d.com/e/dr8ns7pyx48c
"Kristen Lee, Isiah Maxwell Fit Brunette Girl Loves Black Dick   14 6 2016 - Blacked",https://d0000d.com/e/87dxmqdjc6ww
"Kylie Page, Hadley Viscara, Jax Slayher, Nat Turnhersorority Group Sex   11 12 2017 - Blacked",https://d0000d.com/e/9gncoitfoo64
"Lana Rhoades, Jason Luv I Ve Waited All Week for This   21 11 2017 - Blacked",https://d0000d.com/e/rputd4zlmg6d
"Lena Paul, Angela White, Jason Brown Lena Gets Her Groove Back   26 12 2016 - Blacked",https://d0000d.com/e/6wkm9mvx9c8k
"Lennox Luxe, Joss Lescaf It Started Off as an Innocent Crush   20 1 2017 - Blacked",https://d0000d.com/e/rhvx2wliswli
"Lily Love, Jax Slayher My Dream Hook Up   2 9 2017 - Blacked",https://d0000d.com/e/9f5bxxukgfam
"Lily Rader, Joseline Kelly, Flash Brown Me and My Best Friend   13 8 2017 - Blacked",https://d0000d.com/e/4769vt0zi23e
"Lily Rader, Joss Lescaf Blonde Teen Punished and Dominated by Black Man   25 5 2016 - Blacked",https://d0000d.com/e/lgrkhqmn5gwe
"London Keyes, Flash Brown Open Position   25 4 2017 - Blacked",https://d0000d.com/e/e6uwkvtkmrjt
"Makenna Blue, Jason Brown How to Train a Housewife   31 12 2016 - Blacked",https://d0000d.com/e/b7gvo9myweyl
"Makenna Blue, Jason Brown, Isiah Maxwell How to Train a Housewife Part 2   30 4 2017 - Blacked",https://d0000d.com/e/d4qpnini69ck
"Marica Hase, Julio Gomez Up Close and Personal With Brake   5 4 2017 - Blacked",https://d0000d.com/e/ikuhxeuqgw99
"Marley Matthews, Isiah Maxwell Sexy Student and Black Producer   24 6 2016 - Blacked",https://d0000d.com/e/knq7ypt8xioq
"Melissa Moore, Jason Brown I Like It Kinky   8 8 2017 - Blacked",https://d0000d.com/e/pfnqzdpc3ghs
"Mia Malkova, Joss Lescaf, Jason Luv - Bbc for a Favour   24 6 2018 - Blacked",https://d0000d.com/e/qgkclacxrxmd
"Misha Cross, Joss Lescaf - Fuck the Dj   04 6 2018 - Blacked",https://d0000d.com/e/2i64hduyxcmt
"Moka Mora, Mandingo Mr M S Week Off Part 1   5 5 2017 - Blacked",https://d0000d.com/e/d5cayvksbyne
"Naomi Woods, Jason Brown, Isiah Maxwell Shy Blonde Teen Bbc Threesome   4 6 2016 - Blacked",https://d0000d.com/e/90uerv7n9il4
"Natalia Starr, Jason Brown, Isiah Maxwell Bottle Service   12 9 2017 - Blacked",https://d0000d.com/e/osbmm48io6kp
"Natalia Starr, Mandingo Mr M S Week Off Part 2   30 5 2017 - Blacked",https://d0000d.com/e/isdzgn4wuo6o
"Nicole Aniston, Jason Brown Work Hard, Play Hard   25 5 2017 - Blacked",https://d0000d.com/e/0t7syawdd3d5
"Nicole Aniston, Jason Luv I Only Want Sex   7 9 2017 - Blacked",https://d0000d.com/e/f7zzm2woe7td
"Nicole Aniston, Joss Lescaf, Jax Slayher - I Only Want Sex  Part 4   25 4 2018 - Blacked",https://d0000d.com/e/n30jk97n4lhy
"Paige Owens, Jason Luv - Bbc Getaway   09 6 2018 - Blacked",https://d0000d.com/e/ivich5iv7cr7
"Peta Jensen, Jason Brown, Sean Michaels a Flirtation Game Gone Too Far   11 12 2016 - Blacked",https://d0000d.com/e/mgiawjqg0uz9
"Riley Reid, Dakota James, Rob Piper Two Teen Girls Share a Huge Bbc 10 11 2014 - Blacked",https://d0000d.com/e/4548laklhbp8
"Riley Star, Jason Luv My Boyfriend Wants Me to Do It   17 9 2017 - Blacked",https://d0000d.com/e/afmek585mgtb
"Romi Rain, Mandingo Paying Mr M   23 8 2017 - Blacked",https://d0000d.com/e/0xv51mdjt59p
"Roxy Nicole, Flash Brown My Parents Were Gone and I Got What I Wanted   15 1 2017 - Blacked",https://d0000d.com/e/zublsu9oc1tx
"Sabrina Banks, Jason Brown Husband Does Not Know She Loves Bbc 16 3 2015 - Blacked",https://d0000d.com/e/1ssc3sybmr2h
"Samantha Saint, Jason Brown No More Games   9 6 2017 - Blacked",https://d0000d.com/e/n27wtivw95t6
"Samantha Saint, Jason Luv the Client List   6 12 2017 - Blacked",https://d0000d.com/e/b14pr5rwxngj
"Scarlet Sage, Rob Piper Rich Blond Girl First Huge Black Cock   19 6 2016 - Blacked",https://d0000d.com/e/p1smz4h980ea
"Shawna Lenee, Flash Brown Petite Blonde Screams on Huge Black Dick   6 5 2015 - Blacked",https://d0000d.com/e/gu6r7e554pyu
"Shawna Lenee, Flash Brown, Jason Brown Blonde Personal Assistant Loves Black Men   19 7 2016 - Blacked",https://d0000d.com/e/qnoaekwmd34o
"Skye West, Rob Piper Tiny Young Girl First Interracial   5 6 2015 - Blacked",https://d0000d.com/e/wbifpvpchiht
"Skyla Novea, Jason Luv Give Me What I Want   6 11 2017 - Blacked",https://d0000d.com/e/mtzjshd6ykvw
"Sloan Harper, Jason Brown Don T Worry We Re Only Friends   18 8 2017 - Blacked",https://d0000d.com/e/m72r3cw3i2xa
"Sydney Cole, Chanell Heart, Prince Yahshua Power Couple and the Babysitter   24 2 2017 - Blacked",https://d0000d.com/e/zqwu76ao49ft
"Sydney Cole, Rob Piper Daughter Fucks Moms Boyfriend’s Bbc   18 10 2015 - Blacked",https://d0000d.com/e/czs4tkxjzl3j
"Tali Dova, Jason Brown Her Boyfriend Lets Her Try a Big Black Cock   15 6 2015 - Blacked",https://d0000d.com/e/mezlo0u7olbn
"Tasha Reign, Mandingo the Full Mr M Experience   3 8 2017 - Blacked",https://d0000d.com/e/7eykohurc992
"Tiffany Brookes, Jason Brown New York Escort Gets Facial From Big Black Cock   21 4 2015 - Blacked",https://d0000d.com/e/f0kiki70z4fg
"Victoria June, Jax Slayher Ok Maybe One More Time   22 10 2017 - Blacked",https://d0000d.com/e/8yfy47nj2z99
"Violet Starr, Jason Brown It Was the Last Straw    4 7 2017 - Blacked",https://d0000d.com/e/8p7qew5bpz78
"Zoe Bloom, Rob Piper - Open Relationship Bbc   19 7 2018 - Blacked",https://d0000d.com/e/achi1w84scqq
"Zoe Wood, Flash Brown Pretty Gf Is Fucked by Her Neighbor’s Bbc   18 9 2015 - Blacked",https://d0000d.com/e/x279851w1c3z
⚠️⚠️⚠️ More Links on https://pastelink net/nsfwlinks ⚠️⚠️⚠️,https://d0000d.com/e/jvuaiqptv9ht
"Abbie Maley, Jason Luv - Playing Harder   14 7 2019 - Blacked",https://d0000d.com/e/glyk05rcy6je
"Addie Andrews, Joss Lescaf - I M Alone   24 2 2020 - Blacked",https://d0000d.com/e/gisk1ahwi74e
"Alecia Fox, Joss Lescaf - Hot Vacation Adventures   07 9 2018 - Blacked",https://d0000d.com/e/9xujcfaqx328
"Alina Lopez, Evelyn Claire, Prince Yahshua - Making Herself at Home   12 9 2018 - Blacked",https://d0000d.com/e/klvdbj5wba42
"Alix Lynx, Rob Piper - Set Me Off   06 12 2019 - Blacked",https://d0000d.com/e/nc439ff6e6sk
"Allie Nicole, Louie Smalls - Sex and Basketball   30 5 2019 - Blacked",https://d0000d.com/e/vokaazasx6sa
"Allie Nicole, Pressure - Trying New Things   04 2 2020 - Blacked",https://d0000d.com/e/mf90zfi2il18
"Ana Rose, Jason Luv - I Always Had a Crush on Him   08 8 2018 - Blacked",https://d0000d.com/e/97z9lmfcnw1l
"Angel Wicky, Freddy Gong - Hot Wife Vacation 2   19 7 2019 - Blacked",https://d0000d.com/e/uz1twhckjy0r
"Angelika Grays, Freddy Gong, Joss Lescaf - Hot Wife Vacation 3   29 7 2019 - Blacked",https://d0000d.com/e/jb2u680yvyjp
"Apolonia Lapiedra, Freddy Gong - Abroad and Horny   18 8 2019 - Blacked",https://d0000d.com/e/dsu4yi7gunf2
"Ariana Marie, Freddy Gong, Joss Lescaf - the Hot Wife Abroad   21 12 2019 - Blacked",https://d0000d.com/e/z87ta7z7hve5
"Ariana Marie, Joss Lescaf, Nat Turnher - the Hot Wife   22 10 2018 - Blacked",https://d0000d.com/e/pp3nova0scki
"Ashley Lane, Prince Yahshua - No Consequences   26 12 2018 - Blacked",https://d0000d.com/e/ufgn0bh8gaet
"Athena Palomino, Prince Yahshua - Just One Drink   02 10 2018 - Blacked",https://d0000d.com/e/gcllxt5p4ppt
"Ava Addams, Jason Luv - Dominate Me Please   27 10 2018 - Blacked",https://d0000d.com/e/hz4151li6qr7
"Bailey Brooke, Jason Brown - Passive Cheating   24 5 2018 - Blacked",https://d0000d.com/e/dghdfq8dweka
"Bella Rolland, Jax Slayher - You Asked for It!   27 9 2019 - Blacked",https://d0000d.com/e/eur91rudaj4v
"Brandi Love, Jax Slayher - Open Ocean   17 10 2018 - Blacked",https://d0000d.com/e/thruic5pf1nh
"Bree Daniels, Jason Luv - Bbc Education   09 7 2018 - Blacked",https://d0000d.com/e/pow85gulpbyv
"Bree Daniels, Jax Slayher - Last Call   04 2 2019 - Blacked",https://d0000d.com/e/s176lf9mzg57
"Britney Amber, Pressure - Fringe Benefits   15 3 2020 - Blacked",https://d0000d.com/e/b7ubso2ssux2
"Bunny Colby, Louie Smalls - Can T Be Contained   10 1 2019 - Blacked",https://d0000d.com/e/hc7tf27snlzo
"Cadence Lux, Jax Slayher, Isiah Maxwell - I M Staying   26 12 2019 - Blacked",https://d0000d.com/e/2pdam4vs8mff
"Chloe Foster, Joss Lescaf - Dinner and a Movie   14 6 2018 - Blacked",https://d0000d.com/e/kd27lsywu8oo
"Danni Rivers, Louie Smalls - My First Bbc   04 7 2018 - Blacked",https://d0000d.com/e/k2pq0kn53ydd
"Eliza Ibarra, Jason Luv - Girls Weekend   05 5 2018 - Blacked",https://d0000d.com/e/czcfx5g261jp
"Ella Reese, Jax Slayher, Pressure - Impulsiveness 2   20 1 2020 - Blacked",https://d0000d.com/e/366l371wf59b
"Emily Cutie, Freddy Gong - Working Abroad   24 6 2019 - Blacked",https://d0000d.com/e/wedegnwsc1nm
"Emily Right, Isiah Maxwell - Bigger and Darker   19 2 2019 - Blacked",https://d0000d.com/e/i1xtbplp1uet
"Emily Willis, Tiffany Tatum, Freddy Gong, Darrell Deeps - Join Us   31 12 2019 - Blacked",https://d0000d.com/e/wnzepf4diowe
"Gabbie Carter, Skylar Vox, Jax Slayher, Pressure - Take the Shot   19 2 2020 - Blacked",https://d0000d.com/e/aqyr4g031gmv
"Gianna Dior, Louie Smalls - Unexpected but Greatly Appreciated   09 7 2019 - Blacked",https://d0000d.com/e/9iz2wszeocr9
"Haley Reed, Jason Luv - All I Want Is Bbc   24 7 2018 - Blacked",https://d0000d.com/e/81k343z6cwwa
"Hazel Moore, Jax Slayher, Pressure - Impulsiveness   10 1 2020 - Blacked",https://d0000d.com/e/ptjyq9ct6sx2
"Ivy Wolfe, Jason Luv - My First   15 1 2019 - Blacked",https://d0000d.com/e/zb824ykgewg2
"Izzy Lush, Jason Luv - the Second I Saw Him   23 8 2018 - Blacked",https://d0000d.com/e/wjdivjj1hcig
"Jada Stevens, Prince Yahshua - Last Straw   17 9 2019 - Blacked",https://d0000d.com/e/832f8rnr9sm9
"Jane Wilde, Julio Gomez - Brake Is Back   19 6 2018 - Blacked",https://d0000d.com/e/qmwwxmcekvj3
"Jessa Rhodes, Louie Smalls - Hot Collab   11 11 2018 - Blacked",https://d0000d.com/e/r53i0cbkd7eu
"Jia Lissa, Freddy Gong - Go Ahead Have Fun   01 11 2019 - Blacked",https://d0000d.com/e/ql1jrdwe294l
"Jia Lissa, Jason Luv - the Real Thing   11 12 2018 - Blacked",https://d0000d.com/e/7590i5aayuwk
"Jia Lissa, Liya Silver, Darrell Deeps, Jack Rippher - Together   21 3 2020 - Blacked",https://d0000d.com/e/rmo0upwguavu
"Jill Kassidy, Louie Smalls - What I Really Wanted   07 10 2018 - Blacked",https://d0000d.com/e/z68vyevrfntp
"Joey White, Sami White, Pressure - Early Birds   21 11 2019 - Blacked",https://d0000d.com/e/8sc44learfb6
"Kali Roses, Jason Brown, Jason Luv, Jax Slayher, John Johnson, Louie Smalls, Rob Piper - Passing Me Around   20 12 2018 - Blacked",https://d0000d.com/e/x8yeoahwzza2
"Karla Kush, Jason Luv, Isiah Maxwell - Blacked Inc 2   27 10 2019 - Blacked",https://d0000d.com/e/brqdr8v0xdr1
"Kay Carter, Jax Slayher - Anything for That Big Thick   29 2 2020 - Blacked",https://d0000d.com/e/i7j4rcsg8jme
Kendra Sunderland - The Black Nudist - Blacked,https://d0000d.com/e/0hme3utratkm
"Kendra Sunderland, Jason Luv - Here to Stay - Blacked",https://d0000d.com/e/xzq226oakwag
"Kendra Sunderland, Richard Mann - A Gift for You - Blacked",https://d0000d.com/e/89tlx8pomtvp
"Kenzie Madison, Rob Piper - Nda   31 3 2019 - Blacked",https://d0000d.com/e/1cu6ggkb7tj2
"Kenzie Reeves, Jason Luv - Ready to Work    30 1 2019 - Blacked",https://d0000d.com/e/yqo7ss0dtk3z
"Khloe Kapri, Jason Luv - a Deal to Remember   12 10 2018 - Blacked",https://d0000d.com/e/5w4fwb6cs7jg
"Kyler Quinn, Jax Slayher, Isiah Maxwell - Addicted to Bbc   08 8 2019 - Blacked",https://d0000d.com/e/ag3nas3s0vqu
"Kylie Page, Lena Paul, Louie Smalls, Jason Luv - Best Friends for Ever   03 8 2018 - Blacked",https://d0000d.com/e/wa2dzpw2maox
"Lacey Lenix, Rob Piper - Counting Down   29 7 2018 - Blacked",https://d0000d.com/e/fmf9v70b92ls
"Lacy Lennon, Jason Brown - Downtime   05 1 2019 - Blacked",https://d0000d.com/e/1qj57rjwycfe
"Lana Rhoades, Jason Luv - My Secret Sex Life   27 9 2018 - Blacked",https://d0000d.com/e/wlndqywemcoj
"Lana Roy, Kaisa Nord, Joss Lescaf, Freddy Gong - Living in the Moment   09 2 2019 - Blacked",https://d0000d.com/e/4u1tktnxiy0w
"Lana Sharapova, Jason Luv - a Real Man   12 10 2019 - Blacked",https://d0000d.com/e/q739mnqneli8
"Leah Winters, Jax Slayher - Can T Help Myself   07 10 2019 - Blacked",https://d0000d.com/e/obf9p2eiwk3n
"Lena Anderson, Bree Daniels, Jason Luv - We All Do It   22 9 2019 - Blacked",https://d0000d.com/e/4aie6upcaubo
"Lena Paul, Jason Luv, Louie Smalls, Isiah Maxwell, Jax Slayher, Jason Brown, Sevyan Harden, Dirk Huge, Slim Poke - Anything for Daddy   21 11 2018 - Blacked",https://d0000d.com/e/952apir0ra6r
"Lexi Belle, Freddy Gong - Customer Service   15 1 2020 - Blacked",https://d0000d.com/e/0y00ejlmxp5w
"Lexi Dona, Freddy Gong - I Saw You Looking at Him   11 12 2019 - Blacked",https://d0000d.com/e/ocr70yi35uzi
"Lily Love, Rob Piper - My Dream Hook Up 2   10 5 2018 - Blacked",https://d0000d.com/e/cfn545a99ki6
"Liya Silver, Jason Luv - Deep Dive   31 12 2018 - Blacked",https://d0000d.com/e/i8tebotvojrb
Maitland Ward - Isiah Maxwell - Fame - Blacked,https://d0000d.com/e/5kryee8ojtht
"Marley Brinx, Joss Lescaf - My Favorite Client 2   13 8 2018 - Blacked",https://d0000d.com/e/bcxqae8dki3g
"Mazzy Grace, Jax Slayher - Out of State   05 4 2019 - Blacked",https://d0000d.com/e/8r6tokzjjmwu
"Mia Malkova, Kira Noir, Mandingo - a Gift From Mr M   02 9 2018 - Blacked",https://d0000d.com/e/lt5fopkyfl2x
"Mia Melano, Jason Luv - Cold Feet   17 9 2018 - Blacked",https://d0000d.com/e/9591npmvjpfs
"Misha Cross, Jason Luv - Satisfaction   26 11 2018 - Blacked",https://d0000d.com/e/wxa1yzo14sg8
"Morgan Rain, Jax Slayher - Unprofessional Reasons   09 2 2020 - Blacked",https://d0000d.com/e/xws6rdbs27jx
"Naomi Swann, Prince Yahshua, Jason Luv - Blacked Inc   12 9 2019 - Blacked",https://d0000d.com/e/8uobgfhaevdj
"Natalie Knight, Prince Yahshua - What I Really Need   20 4 2019 - Blacked",https://d0000d.com/e/5w4n0pc93r0i
"Paisley Porter, Jason Luv - on His Doorstep   15 5 2019 - Blacked",https://d0000d.com/e/e3m0y1y9ke5e
"Paris White, Louie Smalls - Sleep Over   19 6 2019 - Blacked",https://d0000d.com/e/abd7t9jux959
"Rharri Rhound, Jason Luv - I Only Date Married Men 2   20 4 2018 - Blacked",https://d0000d.com/e/j1x6z1vonmih
"Riley Reid, Gabbie Carter, Jason Luv, Jax Slayher - Below the Belt   23 8 2019 - Blacked",https://d0000d.com/e/jh52uqflz7k4
"Riley Reid, Joss Lescaf, Jason Luv - More Than a Little Friendly   01 12 2018 - Blacked",https://d0000d.com/e/h7m9qyq4kuv6
"Ryan Keely, Jax Slayher - My Way Out   16 11 2019 - Blacked",https://d0000d.com/e/jx5w844uwctu
"Sinderella, Jason Luv - Layover Hook-Up   30 5 2018 - Blacked",https://d0000d.com/e/83sfn3ppxtr7
"Sinderella, Mandingo, Kira Noir - My Day With Mr M   01 11 2018 - Blacked",https://d0000d.com/e/udf0540iyh6z
"Stacy Cruz, Freddy Gong - Just One Time   11 3 2019 - Blacked",https://d0000d.com/e/v6y3f3sh71s4
"Teanna Trump, Pressure - Collab   10 3 2020 - Blacked",https://d0000d.com/e/7vbyejgnzlbb
"Teanna Trump, Vicki Chase, Jax Slayher - Welcome Back   20 1 2019 - Blacked",https://d0000d.com/e/et69zene6j9s
"Tiffany Tatum, Joss Lescaf - Living My Best Life   28 8 2018 - Blacked",https://d0000d.com/e/uck0hlan50s7
"Tori Black, Jason Luv, Louie Smalls - the Big Fight   16 11 2018 - Blacked",https://d0000d.com/e/6n88affzj9xr
"Tori Black, Jax Slayher - Your Main   16 12 2018 - Blacked",https://d0000d.com/e/vu7amsr4a7qg
⚠️⚠️⚠️ More Links on https://pastelink net/nsfwlinks⚠️⚠️⚠️,https://d0000d.com/e/6aqbfxxp5l2p
"Alex Grey, Louie Smalls - a Pleasant Surprise   30 4 2019 - Blacked",https://d0000d.com/e/5x1v86j8dtzn
"Alina Lopez, Karla Kush, Jax Slayher - Last Call 2   10 4 2019 - Blacked",https://d0000d.com/e/68gnb9mjo2n1
"Alina Lopez, Rob Piper, Prince Yahshua - Making Yourself Unforgettable   11 11 2019 - Blacked",https://d0000d.com/e/iogt0nc926ho
"Alyssa Reece, Joss Lescaf - No More Waiting   25 1 2019 - Blacked",https://d0000d.com/e/e8dtrxkvamp8
"Athena Faris, Jason Luv - Tight Schedule   07 9 2019 - Blacked",https://d0000d.com/e/4551roj7pwiv
"Bella Rolland, Jax Slayher - You Asked for It!   27 9 2019 - Blacked",https://d0000d.com/e/ji4xr49lbiab
"Charlie Red, Freddy Gong - Last Chance   05 1 2020 - Blacked",https://d0000d.com/e/2v41ddoszz4m
"Charlotte Sins, Jax Slayher - Fresh Cookies - Blacked",https://d0000d.com/e/7r9nmxcme010
"Cory Chase, Pressure - Just Me   16 12 2019 - Blacked",https://d0000d.com/e/my8iux27alsx
"Dana Wolf, Jax Slayher - We Have Company   25 1 2020 - Blacked",https://d0000d.com/e/0qwqmkrfm0ob
"Gianna Dior, Isiah Maxwell, Jax Slayher - Keeping Me Satisfied   17 10 2019 - Blacked",https://d0000d.com/e/h83pfjebqsj4
"Gianna Dior, Jax Slayher, Rob Piper - Psychosexual Part 4 - Blacked",https://d0000d.com/e/2x7euqrfxaz6
"Haley Spades, Anton Harden - Anticipation 06.08.2022 - Blacked",https://d0000d.com/e/xzi4ztfc4cmc
"Haley Spades, Jax Slayher - Smooth Moves - Blacked",https://d0000d.com/e/uchhxcavjkgu
"Jill Kassidy, Kyler Quinn, Emma Starletto, Jax Slayher - Hooky   06 11 2019 - Blacked",https://d0000d.com/e/poarxmxb81sf
"Katrina Jade, Louie Smalls - Black Magic   26 3 2019 - Blacked",https://d0000d.com/e/aaj5sw7z2i7w
"Khloe Kapri, Jason Luv, Prince Yahshua - a Deal to Remember 2   13 2 2019 - Blacked",https://d0000d.com/e/tyawwdz62stj
"Kyler Quinn, Jason Luv - Right Place, Right Time   04 6 2019 - Blacked",https://d0000d.com/e/v4da98dosgdb
Lexi Lore - 23 12 30 - Blacked - 720p,https://d0000d.com/e/huhiladgvnvx
Lexi Lore - High Score - Blacked - 22 12 24 - 1080p,https://d0000d.com/e/snpffuygfzww
Lexi Lore - High Score - Blacked - 22 12 24 - 4k,https://d0000d.com/e/hg3tbqy92fb7
"Lexie Fux, Jason Luv - Special Assignment   28 8 2019 - Blacked",https://d0000d.com/e/huyoux76ztii
"Lily Love, Louie Smalls, Jax Slayher - What if    06 12 2018 - Blacked",https://d0000d.com/e/2xd3c224odqk
"Lulu Chu, Sly Diggler - So Deep   14 2 2020 - Blacked",https://d0000d.com/e/v5mfmopp7x4x
"Luna Skye, Jason Luv - Slide Into   02 10 2019 - Blacked",https://d0000d.com/e/v9h22heku35d
"Maitland Ward, Bree Daniels, Jax Slayher - We All Do It, Too   01 12 2019 - Blacked",https://d0000d.com/e/cvmz6isjp072
"Maitland Ward, Jason Luv - Unprofessional   03 8 2019 - Blacked",https://d0000d.com/e/lu2lqe7zm914
"Marley Brinx, Jason Luv, Jax Slayher - Share Me   16 3 2019 - Blacked",https://d0000d.com/e/yrgssrng5t3q
"Mia Malkova, Jason Luv - My Own Private Tryout - Blacked",https://d0000d.com/e/q7ubzec8vlar
"Mia Melano, Freddy Gong - a Perfect Vacation   22 10 2019 - Blacked",https://d0000d.com/e/qgioi05on49u
"Natalia Queen, Jason Luv - His Play Thing   25 4 2019 - Blacked",https://d0000d.com/e/1l7uvda8v47n
"Nicole Aniston, Bailey Brooke, Louie Smalls - Truth and Dare   20 5 2019 - Blacked",https://d0000d.com/e/0wmtaido1rkv
"Rebecca Volpetti, Freddy Gong - Play Harder   05 5 2019 - Blacked",https://d0000d.com/e/ek6javbpn2ul
"Riley Steele, Jason Luv - the Wedding Singer   13 8 2019 - Blacked",https://d0000d.com/e/p11au6p4xvwh
"Skye Blue, Jason Luv - Bbc to Go   24 7 2019 - Blacked",https://d0000d.com/e/zbi6gddofqgq
"Sophia Lux, Jason Luv - Something New for Me   01 3 2019 - Blacked",https://d0000d.com/e/wjlnyl65scid
"Sybil, Freddy Gong - Vip Treatment   14 6 2019 - Blacked",https://d0000d.com/e/1tsc19pfc7b6
"Teanna Trump, Vicki Chase, Adriana Chechik, Jax Slayher, Rob Piper, Slim Poke, Scotty P, Mookie Jordan, Pressure, Jamal Right - Badbitches   25 11 2019 - Blacked",https://d0000d.com/e/uc6fdbgvgihh
"Vikalita, Freddy Gong - Caribbean Surprise   05 3 2020 - Blacked",https://d0000d.com/e/59dufvtwqqnm
⚠️⚠️⚠️ More Links on https://pastelink net/nsfwlinks⚠️⚠️⚠️,https://d0000d.com/e/kwzf7lze2yhp
"Abigail Mac, Paige Owens - Monster Cock Fucks Two Bff_s Pussies - Blacked Raw",https://d0000d.com/e/ovur9cmw9nmz
"Adria Rae, Jax Slayher, Rob Piper - From Every Angle - Blacked Raw",https://d0000d.com/e/6068zhl2ocwz
"Adriana Chechik, Davin King - 17.11.23 - Blacked Raw",https://d0000d.com/e/xi1splinpv2c
"Alix Lynx, Sly Diggler - Bringing Him Back in 4K - Blacked Raw",https://d0000d.com/e/brn0esktxoq4
Allie Nicole - Allie Cat - Blacked Raw,https://d0000d.com/e/onx93h886ops
"Allie Nicole, Haley Reed, Anton Hardon - Blacked Raw",https://d0000d.com/e/g7efvcb68egw
Amber Moore Hungry Blonde Gets a Super Sized Bbc Treat - Blacked Raw,https://d0000d.com/e/embmaq1pzt8c
"Angel Youngs, Damion Dayski - Devilish Angel Films Herself Devouring BBC - Blacked Raw",https://d0000d.com/e/1l741a2kww4y
"Aria Lee, Judy Jolie, Rob Piper -  Got Your Back - Blacked Raw",https://d0000d.com/e/hvmv2tjxb1ia
"Ashley Lane, Mona Wales - babes will be fully fucked - Blacked Raw",https://d0000d.com/e/5lnquzu1okhj
Athena Faris - Creamy - Blacked Raw,https://d0000d.com/e/86mzhlr3sx37
"Avery Cristy, Pressure - Down To Business - Blacked Raw",https://d0000d.com/e/oztkwvalvl7k
"Bella Rolland, Rob Piper - Bella And The Bull - Blacked Raw",https://d0000d.com/e/jxdx5igie90x
Blaire Ivory - Louie Smalls - Blacked Raw,https://d0000d.com/e/ntfiublpuvo4
Cassie Bender - black husband for one night - Blacked Raw,https://d0000d.com/e/mmqjqbhz1x18
"Charlotte Sins, Eliza Ibarra, Anton Harden - Down To party - Blacked Raw",https://d0000d.com/e/l42jd3d15ooc
"Chloe Temple, Kyler Quinn, Prince Yahshua, Jax Slayher - Signature Move - BlackedRaw",https://d0000d.com/e/0wosb1eze437
"Christie Stevens, Jax Slayher, Troy Francisco - Blacked Raw",https://d0000d.com/e/5azcltdtvx1p
"Cory Chase, Brandi Love - BBC Club - Blacked Raw",https://d0000d.com/e/mpoggk98281g
Elena Koshka - Last Night In LA - Blacked Raw,https://d0000d.com/e/xp80i6bcq1x0
"Elena Koshka, Paige Owens, Lily LaBeau, Khloe Kapri - About Last Night - Blacked Raw",https://d0000d.com/e/0bnksvs1o2r0
Ella Hughes - monster cock experience for a red babe - Blacked Raw,https://d0000d.com/e/7hb7r2xrsy02
Ella Reese - Rechard Mann - Blacked Raw,https://d0000d.com/e/i82v0bzbtu1o
Elle Lee - In Good Hands - Blacked Raw,https://d0000d.com/e/zef5afwpkoac
Elle Lee in Good Hands - Blacked Raw - Blacked Raw,https://d0000d.com/e/pju6kfh1qi57
Elsa Jean - Team Player - Blacked Raw,https://d0000d.com/e/0lagk6hluxay
"Elsa Jean, Jax Slayher, - Treat For You - Blacked Raw",https://d0000d.com/e/46n2n6yhhyzf
Emily Cutie - Late Transit - Blacked Raw,https://d0000d.com/e/ttqj0qjk0zko
"Emily Willis, Anton Harden - Double Play - Blacked Raw",https://d0000d.com/e/iro5ag5khzza
"Emily Willis, Naomi Swann, Rob Piper - Naughty  Hardcore - Blacked Raw",https://d0000d.com/e/cvcbg6t3jx96
"Emily Willis, Rob Piper, Prince Yahshua - Threesome -  Blacked Raw",https://d0000d.com/e/8aki6x2yyhdu
"Eve Sweet, Jax Slayher - Blacked Raw",https://d0000d.com/e/1414euan8oed
"Freya Mayer, Ariana Van - X Top That - 21.04.18 - Blacked Raw",https://d0000d.com/e/cn3zxeqz34gk
Freya Parker - Jax Slayher - Blacked Raw,https://d0000d.com/e/apptdwh6wq9w
"Gianna Dior, Troy Francisco - Blacked Raw",https://d0000d.com/e/wjyzlxd9o456
"Haley Spades, Coco Lovelock - Perfect One - 22.09.06 - Blacked Raw",https://d0000d.com/e/go9z4bawzevd
Jaycee Starr - Make Yourself Comfortable - Blacked Raw,https://d0000d.com/e/mibbvfbewn55
"Jazlyn Ray, Lily Larimar, Anton Harden - Get Some - Blacked Raw",https://d0000d.com/e/pf2x1k1gu5gs
Jessie Rogers - Jay Hefner - 23.12.11 - Blacked Raw,https://d0000d.com/e/1kq1cra6iiez
Jia Lissa - It Was a Sleepless Night - Blacked Raw,https://d0000d.com/e/3650cpxqmbzf
Jill Kassidy - fragile white babe is having fun with two huge black cocks - Blacked Raw,https://d0000d.com/e/m60wc6c219ez
"Jordan Maxx, Anton Harden - Secrets - Blacked Raw",https://d0000d.com/e/71sa9p1ji2xg
"Jordan Maxx, Richard Mann, Rob Piper - 23.01.29 - Blacked Raw",https://d0000d.com/e/fqfl7pb8swop
"Kali Roses, Amber Moore - Missing Out - 22.12.10 - Blacked Raw",https://d0000d.com/e/hyqm7qvtgvpx
Keisha Grey - Bigger Than My BF - Blacked Raw,https://d0000d.com/e/t4ku560vexat
"Kelly Collins, Vanessa Alessia - We Want It, We Get It - Blacked Raw",https://d0000d.com/e/s8qlgloln3xr
Kendra Sunderland  - Blacked Raw,https://d0000d.com/e/nljv9jkx75ps
Kendra Sunderland - Bombshell Kendra Rides Every Inch of Antons BBC - 23 08 28 - Blacked Raw,https://d0000d.com/e/4kwm7o03b618
Kendra Sunderland - My First Weekend Single - Blacked Raw,https://d0000d.com/e/ib7wdex7n1aa
"Kenzie Anne, Isiah Maxwell - Absolute Dime - Blacked Raw",https://d0000d.com/e/g7vus3n1tudk
"Kenzie Anne, Richard Mann, Sly Diggler - Looking For Trouble - Blacked Raw",https://d0000d.com/e/7dfh9rzvm3r0
Kenzie Reeves - All the Best for Kenzie - Blacked Raw,https://d0000d.com/e/sh5hcqa1ixww
"Khloe Kapri, Cadence Lux, Karla Kush - three blondes and three blacks in the best interracial orgy  - Blaced Raw",https://d0000d.com/e/r7xcu5pihx4k
"Kira Perez - New Day, New Man - Blacked Raw",https://d0000d.com/e/9zm6azcktmum
"Kyler Quinn, Jax Slayher , Isiah Maxwell - Have a Double - Blacked Raw",https://d0000d.com/e/kug7sa8bpj53
"Lacy Lennon, Jax Slayher - Not Coming Home Tonight - Blacked Raw",https://d0000d.com/e/j6r87q4gepa2
Laney Grey - Yes Please - Blacked Raw,https://d0000d.com/e/frk78zl0srp6
Leana Lovings New Plans - Blacked Raw,https://d0000d.com/e/hu4j0og4khhd
Lena Anderson - Cute Young Girl Gets Deep Creampie - Blacked Raw,https://d0000d.com/e/q5uz8r9oxr9r
"Lilly Bell, Rob Piper - Alone Time - Blacked Raw",https://d0000d.com/e/3b4ts2dghke3
"Lily Lou, Sly Diggler - Eager - 21.12.06 - Blacked Raw",https://d0000d.com/e/bxxgwedurwzn
Little Caprice - Main Event - Blacked Raw,https://d0000d.com/e/8ndht094enfa
Little Crice Main Event-StreamHub- Blacked Raw,https://d0000d.com/e/opvgap4jfg8g
Liya Silver - Welcome Aboard - Blacked Raw,https://d0000d.com/e/k89brmb3zkx3
Madelyn Monroe - Let Me Show You My New Boyfriend - Blacked Raw,https://d0000d.com/e/y7t5qpc96fir
Maitland Ward - Fertile - Blacked Raw,https://d0000d.com/e/qoh48584w9cs
Maitland Ward - Get Rowdy - Blacked Raw,https://d0000d.com/e/nmyn9o4yv8z5
"Maitland Ward, Jay Hefner, Benz Brown - Wicked Game - Blacked Raw",https://d0000d.com/e/zmdqtvu3qn1y
Maitland Wild - Night Out With Double Bbc - Blacked Raw,https://d0000d.com/e/kv9fi1f2dd9b
Marley Brinx - Huge Black Guy Anally Fucks a Petite Brunette - Blacked Raw,https://d0000d.com/e/seak8umo3kri
Mazzy Grace - New Black Lover for a Pale Blonde - Blacked Raw,https://d0000d.com/e/0riouy5xomdn
Melody Marks Sightseeing - Blacked Raw,https://d0000d.com/e/u58mwuz5dpgr
Misha Cross Flirts With a Stranger on a Bus - Blacked Raw,https://d0000d.com/e/gueh5ti0q6r2
"Nala Brooks, Anton Harden - Come Here Daddy - Blacked Raw",https://d0000d.com/e/qivpageqlnu9
Naomi Nash - Date With 10 Inches - Blacked Raw,https://d0000d.com/e/qs96em895gdc
"Paisley Porter, Louie Smalls - Going For It - Blacked Raw",https://d0000d.com/e/fykjv4b1ds7g
"Rharri Rhound, Candice Dare - Amazing Threesome With Rharri and Candice - Blacked Raw",https://d0000d.com/e/8mb7k1l2093m
"Rharri Rhound, Candice Dare - Wild Girls Night - Blacked Raw",https://d0000d.com/e/g2b316oanzik
Samantha Saint - For My Husband - Blacked Raw,https://d0000d.com/e/kgcxd7zku2qb
"Scarlett Jones, Troy Francisco - Blacked Raw",https://d0000d.com/e/5b3r4bs8elnb
Skye Blue - This Night Will Be a Long Night - Blacked Raw,https://d0000d.com/e/zr2tqsgsue9w
Summer Col - 23.03.30 - Blacked Raw,https://d0000d.com/e/keabtvocut5l
"Syren De Mer, Anton Harden - Blacked Raw",https://d0000d.com/e/r3286yy4yww8
Teanna Trump - nude ebony rides through the city to get fuck - Blacked Raw,https://d0000d.com/e/rjntpcj285os
Valentina Nappi - 23 11 13 Curvy Goddess Valentina Rides BBC All Night Long - Blacked Raw,https://d0000d.com/e/xz9oh9i5gl0e
Valentina Nappi - Hungry - Blacked Raw,https://d0000d.com/e/biq0f73of74m
Valentina Nappi - Hungry - Blacked Raw,https://d0000d.com/e/7icb5oxd5wyk
Vicki Chase and Lasirena69 - 20 09 28 - Blacked Raw,https://d0000d.com/e/ion6urt3p3lx
Violet Starr - Tiny Cutie Violet Handles His BBC Like A Pro - 23.1.2024 - Blacked Raw,https://d0000d.com/e/6xnrrmbtmh23
"Violet Starr, Alina Ali - Come Watch - Blacked Raw",https://d0000d.com/e/82jl4u2zdsf9
⚠️⚠️⚠️ More Links on https://pastelink net/nsfwlinks ⚠️⚠️⚠️,https://d0000d.com/e/eotki8ha5amh
⚠️⚠️⚠️ More Links on https://pastelink.net/nsfwlinks ⚠️⚠️⚠️,https://d0000d.com/e/ltvxgs33a0fe
"Abella Danger, Louie Smalls - Blacked Raw",https://d0000d.com/e/dr20j6kv0vom
Addie Andrews - Gotta Go - Blacked Raw,https://d0000d.com/e/21zo60pwnn8v
Alexis Fawx - Straight To The Point - Blacked Raw,https://d0000d.com/e/gzbdk30ob1j4
Amber Moore - Private View - 22.06.06 - Blacked Raw,https://d0000d.com/e/82z7irk2zcb8
"Aria Lee, Rob Piper - You_re My Daddy - Blacked Raw",https://d0000d.com/e/xbj0iug78lru
Blake Blossom And Madi Laine Party Of Three - 22.0.2.28 - Blacked Raw,https://d0000d.com/e/sflwwlcucjkl
"Blake Blossom, Jax Slayher - It's On - Blacked Raw",https://d0000d.com/e/o664lw7coggw
Brenna Sparks- Sex Life Solution - Blacked Raw,https://d0000d.com/e/jpw7c1lyc23b
"Chloe Amour, Anton Harden - Insatiable Chloe Ditches BF For A Night Of BBC - Blacked Raw",https://d0000d.com/e/oirsa4bwi7ls
Dani Diaz - Over It - Blacked Raw,https://d0000d.com/e/xtwy4k124seu
Hayley Davies - 23.12.04 - Blacked Raw,https://d0000d.com/e/40a1f8gyp9cs
Jennie Rose - Hitting Deep - Blacked Raw,https://d0000d.com/e/ryi6sr801j6f
"Jill Kassidy, Alexis Tae - Surprise For You - Blacked Raw",https://d0000d.com/e/3aelgyioink5
Kayley Gunner - 24.01.08 - Blacked Raw,https://d0000d.com/e/jm568xbu7rwu
Kelly Collins - 23.10.30 - Blacked Raw,https://d0000d.com/e/5ge2v804y6xy
Leana Lovings - Good Loving 04.07.2022 - Blacked Raw,https://d0000d.com/e/irkrukxevfae
Lia Lin -  New Hotwife Lia Searches and Finds Her First BBC - Blacked Raw,https://d0000d.com/e/vpfbfrn7qvnz
Mia Malkova - Blacked Raw,https://d0000d.com/e/bhr8u4v98ou9
Molly Devon - Insatiable Hottie Molly Goes for a Real BBC Ride - 23.10.16 - Blacked Raw,https://d0000d.com/e/ib2vulund5my
Penny Barber & Armani Black - Suite Aft - Blacked Raw,https://d0000d.com/e/8rktb6qev8oh
"Riley Steele, Jax Slayher - Rerouted  Hardcore - Blacked Raw",https://d0000d.com/e/gfcr12bz3plx
Sonya Blaze & Sybil - After The Club - Blacked Raw,https://d0000d.com/e/a5v35l46uaia
Sonya Blaze - Flawless - Blacked Raw,https://d0000d.com/e/2i3god8aicra
Valerica Steele Wilding - Blacked Raw,https://d0000d.com/e/lxnraxstpvd2
"Violet Myers, Jax Slayher - All yours tonight - Blacked Raw",https://d0000d.com/e/5unfhe6lqf7o
⚠️⚠️⚠️ More Links on https://pastelink net/nsfwlinks ⚠️⚠️⚠️,https://d0000d.com/e/1e3gp9rc76a2
